{
	"format_version": "1.8.0",
	"animations": {
		"animation.shinx_rlm.ground_idle": {
			"loop": true,
			"animation_length": 10,
			"bones": {
				"tail_1": {
					"rotation": [25, "-Math.sin(query.anim_time * 108/2) * 5 - Math.sin(query.anim_time * 108)", 0]
				},
				"tail_2": {
					"rotation": [-37.5, 0, 0],
					"position": [0, 0.1, -0.3]
				},
				"tail_3": {
					"rotation": [-37, 0, 0],
					"position": [0, 0.1, -0.3]
				},
				"torso": {
					"rotation": ["2 * Math.sin(query.anim_time * 108)", 0, 0]
				},
				"head": {
					"rotation": ["2 * Math.sin(query.anim_time * 108)", 0, 0]
				}
			}
		},
		"animation.shinx_rlm.cry": {
			"animation_length": 1.25,
			"bones": {
				"tail_1": {
					"rotation": {
						"0.0": [25, 0, 0],
						"0.25": [25, 10, 0],
						"1.25": [25, 0, 0]
					},
					"position": [0, 0, 0]
				},
				"tail_2": {
					"rotation": {
						"0.0": [-37.5, 0, 0],
						"0.3333": [-40, 30, -30],
						"1.25": [-37.5, 0, 0]
					},
					"position": {
						"0.0": [0, 0.1, -0.3],
						"1.25": [0, 0.1, -0.3]
					}
				},
				"tail_3": {
					"rotation": {
						"0.0": [-37.5, 0, "5 * 5 + Math.sin(query.anim_time * 108)"],
						"0.5": [-48.63781, 35.79744, -33.59794],
						"1.25": [-37.5, 0, 0]
					},
					"position": {
						"0.0": [0, 0.1, -0.3],
						"1.25": [0, 0.1, -0.3]
					}
				},
				"head": {
					"rotation": {
						"0.0": [0, 0, 0],
						"0.0417": [-0.72975, 0, 0],
						"0.0833": [-2.50761, 0, 0],
						"0.1667": [-6.84669, 0, 0],
						"0.2083": [-8.78179, 0, 0],
						"0.25": [-10.43225, 0, 0],
						"0.2917": [-11.7936, 0, 0],
						"0.3333": [-12.88319, 0, 0],
						"0.375": [-13.72534, 0, 0],
						"0.4167": [-14.34412, 0, 0],
						"0.4583": [-14.76225, 0, 0],
						"0.5": [-15, 0, 0],
						"0.7917": [-15.48288, 0, 0],
						"0.9583": [-15.05674, 0, 0],
						"1.0": [-15, 0, 0],
						"1.25": [0, 0, 0]
					}
				},
				"open_mouth": {
					"position": {
						"0.0": [0, 0, -2],
						"0.75": {
							"pre": [0, 0, -2],
							"post": [0, 0, 0]
						}
					}
				},
				"closed_mouth": {
					"position": {
						"0.0": [0, 0, 1],
						"0.75": {
							"pre": [0, 0, 1],
							"post": [0, 0, 0]
						}
					}
				}
			}
		},
		"animation.shinx_rlm.quirk": {
			"animation_length": 1.25,
			"bones": {
				"head": {
					"rotation": {
						"0.0": [0, 0, 0],
						"0.0417": [-0.13542, -0.67708, 0.39933],
						"0.0833": [-0.37039, -1.85197, 1.12608],
						"0.3333": [-2.17973, -10.89865, 6.3089],
						"0.5": [-3.45474, -17.27369, 9.07476],
						"0.5417": [-3.76528, -18.82639, 9.5742],
						"0.5833": [-4.06795, -20.33973, 9.96876],
						"0.625": [-4.35854, -21.79269, 10.23844],
						"0.6667": [-4.62961, -23.14803, 10.35838],
						"0.7083": [-4.86458, -24.32292, 10.29455],
						"0.75": [-5, -25, 10],
						"0.7917": [-4.81798, -24.08988, 9.54882],
						"0.8333": [-4.45514, -22.27569, 9.05592],
						"0.875": [-4.01284, -20.06419, 8.5182],
						"0.9167": [-3.52772, -17.63859, 7.93176],
						"1.0833": [-1.47228, -7.36141, 4.97115],
						"1.125": [-0.98716, -4.93581, 4.01939],
						"1.1667": [-0.54486, -2.72431, 2.93446],
						"1.2083": [-0.18202, -0.91012, 1.6525],
						"1.25": {
							"pre": [0, 0, 0],
							"post": [0, 0, 0],
							"lerp_mode": "catmullrom"
						}
					}
				},
				"eye_left": {
					"position": [0, 0, 1]
				},
				"eyelid_right2": {
					"position": [0, 0, -3]
				},
				"ear_left": {
					"rotation": [0, 0, 12.5]
				},
				"ear_right": {
					"rotation": [0, 0, -12.5]
				},
				"fluff": {
					"rotation": [0, 0, 20]
				},
				"open_mouth": {
					"position": [0, 0, -2]
				},
				"closed_mouth": {
					"position": [0, 0, 1]
				}
			}
		},
		"animation.shinx_rlm.sleep": {
			"loop": true,
			"animation_length": 14.4167,
			"bones": {
				"body": {
					"position": [0, -4, 0]
				},
				"back_leg_right": {
					"rotation": [-90, 45, 0],
					"position": [4, 1, 1]
				},
				"knee_right": {
					"rotation": [90, 0, 0],
					"position": [0, 1, 1]
				},
				"back_paw_right": {
					"position": [0, 1, 0]
				},
				"back_leg_left": {
					"rotation": [-90, 45, 0],
					"position": [4, 1, -3]
				},
				"knee_left": {
					"rotation": [90, 0, 0],
					"position": [0, 1, 1]
				},
				"back_paw_left": {
					"position": [0, 1, 0]
				},
				"front_leg_right": {
					"rotation": [-45, 0, 0]
				},
				"elbow_right": {
					"rotation": [-72.73421, -15.69986, -16.32495],
					"position": [0, 0, -2]
				},
				"front_paw_right": {
					"rotation": [90, 0, 0]
				},
				"front_leg_left": {
					"rotation": [-47.41981, -31.37238, 1.3824]
				},
				"elbow_left": {
					"rotation": [-65.15674, 3.31167, -4.93176],
					"position": [0.2, 1, -1.5]
				},
				"front_paw_left": {
					"rotation": [90, 0, 0]
				},
				"head": {
					"rotation": {
						"0.0": [-7.5, -22.5, 0],
						"1.75": [2.64721, -5.19691, -0.51797]
					},
					"position": {
						"0.0": [0, -1.25, -1.25],
						"1.75": [0, -1.25, -0.25]
					}
				},
				"waist": {
					"rotation": [0, 45, 0],
					"position": {
						"0.0": [0, "Math.sin(query.anim_time * 20)", 0],
						"14.4167": [0, 0, 0]
					}
				},
				"tail": {
					"rotation": ["-22.5 - Math.sin(query.anim_time * 100)", 22.5, 0],
					"position": [0, -0.75, 0]
				},
				"tail_2": {
					"rotation": [0, 67.5, 0]
				},
				"tail_3": {
					"rotation": [7.86119, 40.78947, 20.94102]
				},
				"tail_4": {
					"rotation": [0, 22.5, 0]
				},
				"tail_5": {
					"rotation": [22.5, 0, 0]
				},
				"neck": {
					"rotation": [22.5, 0, 0],
					"position": {
						"0.0": [0, 0, 0],
						"1.75": [0, 0, -1]
					}
				},
				"ear_right": {
					"rotation": [0, 0, -22.5]
				},
				"ear_left": {
					"rotation": [0, 0, 22.5]
				},
				"head_fluff_top": {
					"rotation": [0, 0, -45]
				},
				"eyelid_l": {
					"position": [0, 0, -4]
				},
				"eyelid_r": {
					"position": [0, 0, -3]
				},
				"cheek_fluff_left": {
					"rotation": [0, 22.5, 22.5]
				},
				"cheek_fluff_right": {
					"rotation": [22.5, 0, -22.5]
				},
				"eye_left": {
					"position": [0, 0, 1]
				},
				"eye_right": {
					"position": [0, 0, 1]
				},
				"tail_1": {
					"position": [0, 0.4, 0]
				},
				"eyelid_right2": {
					"position": [0, 0, -3]
				},
				"eyelid_right": {
					"position": [0, 0, -3]
				}
			}
		},
		"animation.shinx_rlm.blink": {
			"animation_length": 0.1,
			"bones": {
				"eye_left": {
					"position": {
						"0.0": [0, 0, 1],
						"0.0833": {
							"pre": [0, 0, 1],
							"post": [0, 0, 0]
						}
					}
				},
				"eyelid_right2": {
					"position": {
						"0.0": [0, 0, -3],
						"0.0833": {
							"pre": [0, 0, -3],
							"post": [0, 0, -1]
						}
					}
				},
				"eye_right": {
					"position": {
						"0.0": [0, 0, 1],
						"0.0833": {
							"pre": [0, 0, 1],
							"post": [0, 0, 0]
						}
					}
				},
				"eyelid_right": {
					"position": {
						"0.0": [0, 0, -3],
						"0.0833": {
							"pre": [0, 0, -3],
							"post": [0, 0, -1]
						}
					}
				}
			}
		},
		"animation.shinx_rlm.shoulder_right": {
			"loop": true,
			"animation_length": 4,
			"bones": {
				"body": {
					"rotation": [-30, 0, 0],
					"position": [-2, -4, 3]
				},
				"tail_1": {
					"rotation": [25, "-Math.sin(query.anim_time * 180) * 30", 0]
				},
				"tail_2": {
					"rotation": [-37.5, "-Math.sin(query.anim_time * 90) * 20", 0],
					"position": [0, 0.1, -0.3]
				},
				"tail_3": {
					"rotation": [-37, 0, 0],
					"position": [0, 0.1, -0.3]
				},
				"neck": {
					"rotation": [24.81197, 3.1622, -6.80423]
				},
				"head": {
					"rotation": [2.21783, 1.15408, -14.97766]
				},
				"ear_left": {
					"rotation": [0, 0, 15]
				},
				"ear_right": {
					"rotation": [0, 0, -22.5]
				},
				"knee_right": {
					"rotation": [7.5, 0, 0]
				},
				"back_foot_right": {
					"rotation": [12.5, 0, 0]
				},
				"elbow_right": {
					"rotation": [-34.44093, 5.73576, 11.12501]
				},
				"front_foot_right": {
					"rotation": [15, 0, 0]
				},